"Reference","Value","Footprint","Qty","DNP","Dist. Part Num","Distributor","Man. Part Num","Manufacturer","Package","Part Type","Description"
"LED1,LED2,LED3,LED4,LED5,LED6","150060GS75000","Wurth_Elektronik:LED_0AS75000_WRE","6","","732-150060AS75000CT-ND","Digi-Key","150060AS75000","Würth Elektronik","0603","SMD","LED AMBER CLEAR 0603 SMD"
"J14","618015330923","Wurth_Elektronik:618015330923","1","","732-618015330923-ND","Digi-Key","618015330923","Würth Elektronik","None","Through Hole","15 Position D-Sub, High Density Receptacle, Female Sockets Connector"
"J6","618015231221","Wurth_Elektronik:618015231221","1","","732-618015211721-ND","Digi-Key","618015231221","Würth Elektronik","None","Through Hole","15 Position D-Sub Plug, Male Pins Connector"
"J7,J18","618015231121","Wurth_Elektronik:618015231121","2","","732-618015231121-ND","Digi-Key","618015231121","Wurth Elektronik","None","Through Hole","15 Position D-Sub Receptacle, Female Sockets Connector"
"J1,J2,J3,J4,J5,J13,J16","618009231221","Wurth_Elektronik:618009231221","7","","732-618009231221-ND","Digi-Key","618009231221","Wurth Electronics","None","Through Hole","9 Position D-Sub Receptale, Female Sockets Connector"
"J17","618009231121","Wurth_Elektronik:618009231121","1","","732-618009231121-ND","Digi-Key","618009231121","Würth Elektronik","-","Through Hole","9 Position D-Sub Plug, Male Pins Connector"
"J8,J9,J10,J11,J12","61300311121","Wurth_Elektronik:61300311121","5","","732-5316-ND","Digi-Key","61300311121","Würth Elektronik","","Through Hole","Connector Header Through Hole 3 position 0.100"" (2.54mm)"
"M6,M7,M8,M9,M10","SSM3K15AFS_LF","Toshiba_Semi:SSM_TOS","5","","SSM3K15AFSLFCT-ND","Digi-Key","SSM3K15AFS,LF","Toshiba Semiconductor and Storage","SSM_TOS","SMD","MOSFET N-CH 30V 100MA SSM"
"M1,M2,M3,M4,M5","SSM6N35FE,LM","Toshiba_Semi:ES6_TOS","5","","757-SSM6N35FELM","Mouser","SSM6N35FE,LM","Toshiba Semiconductor and Storage","SOT-563","SMD","Mosfet Array 20V 180mA 150mW Surface Mount ES6"
"U22","SN65LVDS33PWR","Texas_Instruments:SN65LVDS33PWR_16TSSOP","1","","296-31720-1-ND","Digi-Key","SN65LVDS33PWR","Texas Instruments","16-TSSOP","SMD","0/4 Receiver LVDS 16-TSSOP"
"U21","SN65LVDS2DBVR","Texas_Instruments:DBV5","1","","296-6920-1-ND","Digi-Key","SN65LVDS2DBVR","Texas Instruments","SOT-23-5","SMD","0/1 Receiver LVDS SOT-23-5"
"5V_RTN1,8.2,5,3.3_RTN1,SEC_RTN1,SEC_RTN3,SEC_RTN4,TELEM_RTN1,TP1,V_SEC_RTN1","5006","TestPoint:TestPoint_Keystone_5005-5009_Compact","8","","36-5006-ND","Digi-Key","5006","Keystone Electronics","Compact Keystone TP","Through Hole","Black PC Test Point, Compact Phosphor Bronze Silver Plating Through Hole Mounting Type"
"5V2,SEC_PWR3","5007","TestPoint:TestPoint_Keystone_5005-5009_Compact","2","","36-5007-ND","Digi-Key","5007","Keystone Electronics","Compact Keystone TP","Through Hole","White PC Test Point, Compact Phosphor Bronze Silver Plating Through Hole Mounting Type"
"3.3V1,5V1,8.2V1,SEC_PWR1,SEC_PWR2,SEC_RTN2,TELEM_PWR1,V_SEC_IN1","5005","TestPoint:TestPoint_Keystone_5005-5009_Compact","8","","36-5005-ND","Digi-Key","5005","Keystone Electronics","Compact Keystone TP","Through Hole","Red PC Test Point, Compact Phosphor Bronze Silver Plating Through Hole Mounting Type"
"P1,P2","1-1123824-1","TE_Connectivity:conn1_1-1123824-1_TEC","2","","A30708-ND","Digi-Key","1-1123824-1","TE Connectivity AMP Connectors","-","Through Hole","Connector Header Through Hole 1 position"
"R113,R114,R115,R116,R117,R118","1k","Resistor_SMD:R_1206_3216Metric","6","","RNCP1206FTD1K00CT-ND","Digi-Key","RNCP1206FTD1K00","Stackpole Electronics Inc","1206 (3216 Metric)","SMD","1 kOhms ±1% 0.5W, 1/2W Chip Resistor 1206 (3216 Metric) Anti-Sulfur Thin Film"
"R51","9k","Resistor_SMD:R_0805_2012Metric","1","","13-RT0805BRE079KLCT-ND","Digi-Key","RT0805BRE079KL","YAGEO","0805 (2012 Metric)","SMD","9 kOhms ±0.1% 0.125W, 1/8W Chip Resistor 0805 (2012 Metric) Thin Film"
"R53,R54,R56,R57,R59,R60,R62,R63,R65,R66,R68,R69,R71,R72,R77,R78,R79,R80,R85,R86,R87,R88,R93,R94,R95,R96,R101,R102,R103,R104,R105,R107,R108,R109,R110","24.9","Resistor_SMD:R_0603_1608Metric","35","","RNCF0603TKY24R9CT-ND","Digi-Key","RNCF0603TKY24R9","Stackpole Electronics Inc","0603 (1608 Metric)","SMD","24.9 Ohms ±0.01% 0.1W, 1/10W Chip Resistor 0603 (1608 Metric) Automotive AEC-Q200 Thin Film"
"R31,R50,R106","330k,820k","Resistor_SMD:R_0603_1608Metric","3","","13-RT0603BRD07820KLCT-ND","Digi-Key","RT0603BRD07820KL","YAGEO","0603 (1608 Metric)","SMD","820 kOhms ±0.1% 0.1W, 1/10W Chip Resistor 0603 (1608 Metric) Thin Film"
"R30","499k","Resistor_SMD:R_0603_1608Metric","1","","311-499KHRCT-ND","Digi-Key","RC0603FR-07499KL","YAGEO","0603 (1608 Metric)","SMD","499 kOhms ±1% 0.1W, 1/10W Chip Resistor 0603 (1608 Metric) Moisture Resistant Thick Film"
"R29","330k","Resistor_SMD:R_0603_1608Metric","1","","311-330KGRCT-ND","Digi-Key","RC0603JR-07330KL","YAGEO","0603 (1608 Metric)","SMD","330 kOhms ±5% 0.1W, 1/10W Chip Resistor 0603 (1608 Metric) Moisture Resistant Thick Film"
"R9,R18,R27,R40,R49","1k","Resistor_SMD:R_0603_1608Metric","5","","RMCF0603FT1K00CT-ND","Digi-Key","RMCF0603FT1K00","Stackpole Electronics Inc","0603 (1608 Metric)","SMD","1 kOhms ±1% 0.1W, 1/10W Chip Resistor 0603 (1608 Metric) Automotive AEC-Q200 Thick Film"
"R8,R17,R26,R39,R48","835","Resistor_SMD:R_0603_1608Metric","5","","2019-RN73H1JTTD8350A05CT-ND","Digi-Key","RN73H1JTTD8350A05","KOA Speer Electronics, Inc.","0603 (1608 Metric)","SMD","835 Ohms ±0.05% 0.1W, 1/10W Chip Resistor 0603 (1608 Metric) Automotive AEC-Q200, Moisture Resistant Metal Film"
"R7,R16,R25,R38,R47","4.99k","Resistor_SMD:R_0603_1608Metric","5","","P4.99KDBCT-ND","Digi-Key","ERA-3AEB4991V","Panasonic Electronic Components","0603 (1608 Metric)","SMD","4.99 kOhms ±0.1% 0.1W, 1/10W Chip Resistor 0603 (1608 Metric) Automotive AEC-Q200 Thin Film"
"R5,R14,R23,R36,R45,R112","120","Resistor_SMD:R_0603_1608Metric","6","","P120DBCT-ND","Digi-Key","ERA-3AEB121V","Panasonic Electronic Components","0603 (1608 Metric)","SMD","120 Ohms ±0.1% 0.1W, 1/10W Chip Resistor 0603 (1608 Metric) Automotive AEC-Q200 Thin Film"
"R4,R6,R13,R15,R22,R24,R35,R37,R44,R46","15k","Resistor_SMD:R_0603_1608Metric","10","","P15KBLCT-ND","Digi-Key","ERA-3AED153V","Panasonic Electronic Components","0603 (1608 Metric)","SMD","15 kOhms ±0.5% 0.1W, 1/10W Chip Resistor 0603 (1608 Metric) Automotive AEC-Q200 Thin Film"
"R3,R12,R21,R34,R43","180","Resistor_SMD:R_0603_1608Metric","5","","541-10432-1-ND","Digi-Key","RCS0603180RFKEA","Vishay Dale","0603 (1608 Metric)","SMD","180 Ohms ±1% 0.25W, 1/4W Chip Resistor 0603 (1608 Metric) Automotive AEC-Q200, Pulse Withstanding Thick Film"
"R1,R10,R19,R32,R41,R111","10","Resistor_SMD:R_0603_1608Metric","6","","541-RCP1206W10R0GEBCT-ND","Digi-Key","RCP1206W10R0GEB","Vishay Dale","0603 (1608 Metric)","SMD","10 Ohms ±2% 2.4W Chip Resistor 1206 (3216 Metric) Moisture Resistant Thick Film"
"R74,R76,R82,R84,R90,R92,R98,R100","10k","Resistor_SMD:R_0402_1005Metric","8","","P10KDCCT-ND","Digi-Key","ERA-2AEB103X","Panasonic Electronic Components","0402 (1005 Metric)","SMD","10 kOhms ±0.1% 0.063W, 1/16W Chip Resistor 0402 (1005 Metric) Automotive AEC-Q200 Thin Film"
"R73,R75,R81,R83,R89,R91,R97,R99","(DNI)","Resistor_SMD:R_0402_1005Metric","8","DNP","-","-","-","-","0402 (1005 Metric)","SMD","-"
"J15","1731130182","Molex:1731130182","1","","900-1731130182-ND","Digi-Key","1731130182","Molex","","Through Hole","15 Position D-Sub, High Density Plug, Male Pins Connector"
"F1,F2,F3","0154010.DRL","Little_Fuse:FUSE_0154010.DRL","3","","F11011CT-ND","Digi-Key","0154010.DRL","Littelfuse Inc.","Surface Mount 2-SMD, Square End Block with Holder","SMD","10 A 125 V AC 125 V DC Fuse Board Mount (Cartridge Style Excluded) Requires Holder, Surface Mount 2-SMD, Square End Block with Holder"
"F4,F5,F6","0154002.DR","Little_Fuse:0154Series_LTF","3","","F1224CT-ND","Digi-Key","0154002.DR","Little Fuse","Surface Mount 2-SMD, Square End Block with Holder","SMD","2 A 125 V AC 125 V DC Fuse Board Mount (Cartridge Style Excluded) Requires Holder, Surface Mount 2-SMD, Square End Block with Holder"
"CHASSIS1","5019","Keystone:KEYSTONE_5019","1","","36-5019CT-ND","Digi-Key","5019","Keystone Electronics","-","SMD","PC Test Point, Miniature Phosphor Bronze Silver Plating Surface Mount Mounting Type"
"Q1,Q2,Q3,Q4,Q5","ISP281D","ISOCOM:ISP281D_ISO","5","","58-ISP281DCT-ND","Digi-Key","ISP281D","Isocom Components 2004 LTD","4-SOP","SMD","Optoisolator Transistor Output 3750Vrms 1 Channel 4-SOP"
"R52,R55,R58,R61,R64,R67,R70","Y14870R01000B9R","Foil_Resistors:Y14870R01000B9R_10mOhm","7","","804-1044-1-ND","Digi-Key","Y14870R01000B9R","Vishay","2512 (6432 Metric)","SMD","10 mOhms ±0.1% 1W Chip Resistor 2512 (6432 Metric) Current Sense, Moisture Resistant Metal Foil"
"U1,U2,U3","PRC60-24-S12","CUI:PRC60-24-S12","3","","102-PRC60-24-S12-ND","Digi-Key","PRC60-24-S12","CUI Inc.","-","Through Hole","Isolated Module DC DC Converter 1 Output 12V 5A 9V - 36V Input"
"U7,U8,U23","PDQ30-Q24-S5-D","CUI:CONV_PDQ30-Q24-S5-D","3","","490-PDQ30-Q24-S5-D","Mouser","PDQ30-Q24-S5-D","CUI Inc","-","Through Hole","Isolated Module DC DC Converter 1 Output 5V 6A 9V - 36V Input"
"L2,L5,L8,L10,L11,L12","54.4uH to 81.6uH (CM) 0.79uH Leakage","CoilCraft:MSD1583-105","6","","MSD1583-683ME","Coil Craft","MSD1583-683ME","Coil Craft","","SMD","Common Mode Chokes – MSD1583"
"L1,L3,L4,L6,L7,L9","0.8uH (+/- 20%)","CoilCraft:MLC1260","6","","MLC1250-801ML","Coil Craft","MLC1250-801ML","Coil Craft","-","SMD","Shielded Power Inductors MLC12xx/15xx"
"C47,C55,C57,C65,C113","100uF","Capacitor_Tantalum_SMD:CP_EIA-7360-38_Kemet-E","5","","399-5221-1-ND","Digi-Key","T495E107K025ATE100","KEMET","2824 (7260 Metric)","SMD","100 µF Molded Tantalum Capacitors 25 V 2824 (7260 Metric) 100mOhm"
"C41,C42,C43,C68,C106","10uF","Capacitor_Tantalum_SMD:CP_EIA-7343-15_Kemet-W","5","","478-3354-1-ND","Digi-Key","TAJD106K025RNJ","KYOCERA AVX","2917 (7343 Metric)","SMD","10 µF Molded Tantalum Capacitors 25 V 2917 (7343 Metric) 1.2Ohm"
"C2,C3,C4,C11,C15,C16,C17,C24,C28,C29,C30,C37,C48,C58,C111,C112","10uF","Capacitor_Tantalum_SMD:CP_EIA-3216-12_Kemet-S","16","","399-18019-1-ND","Digi-Key","T491A106K020AT","KEMET","1206 (3216 Metric)","SMD","10 µF Molded Tantalum Capacitors 20 V 1206 (3216 Metric) 5Ohm"
"C40,C67,C105","2.2uF","Capacitor_Tantalum_SMD:CP_EIA-3216-10_Kemet-I","3","","478-3073-1-ND","Digi-Key","TAJA225K035RNJ","KYOCERA AVX","1206 (3216 Metric)","SMD","2.2 µF Molded Tantalum Capacitors 35 V 1206 (3216 Metric) 4.5Ohm"
"C130,C131,C132,C133,C134,C135","0.1uF","Capacitor_SMD:C_1206_3216Metric","6","","399-C1206C104K5RACTUCT-ND","Digi-Key","C1206C104K5RACTU","KEMET","1206 (3216 Metric)","SMD","0.1 µF ±10% 50V Ceramic Capacitor X7R 1206 (3216 Metric)"
"C71,C73,C75,C77,C79,C81,C83,C88,C89,C92,C93,C98,C99,C102,C103","1uF","Capacitor_SMD:C_0603_1608Metric","15","","1276-1946-1-ND","Digi-Key","CL10B105KP8NNNC","Samsung Electro-Mechanics","0603 (1608 Metric)","SMD","1 µF ±10% 10V Ceramic Capacitor X7R 0603 (1608 Metric)"
"C7,C8,C20,C21,C33,C34,C51,C54,C61,C64,C114,C117","0.01uF","Capacitor_SMD:C_0603_1608Metric","12","","399-C0603C103K5RACTUCT-ND","Digi-Key","C0603C103K5RACTU","KEMET","0603 (1608 Metric)","SMD","10000 pF ±10% 50V Ceramic Capacitor X7R 0603 (1608 Metric)"
"C6,C9,C13,C19,C22,C26,C32,C35,C39,C44,C45,C46,C50,C53,C56,C60,C63,C66,C69,C108,C115,C118,C120","0.1uF","Capacitor_SMD:C_0603_1608Metric","23","","399-C0603C104K3RACTUCT-ND","Digi-Key","C0603C104K3RACTU","KEMET","0603 (1608 Metric)","SMD","0.1 µF ±10% 25V Ceramic Capacitor X7R 0603 (1608 Metric)"
"C1,C5,C10,C12,C14,C18,C23,C25,C27,C31,C36,C38,C49,C52,C59,C62,C116,C119","1uF,2200pF","Capacitor_SMD:C_0603_1608Metric","18","","1276-1184-1-ND","Digi-Key","CL10B105KA8NNNC","Samsung Electro-Mechanics","0603 (1608 Metric)","SMD","1 µF ±10% 25V Ceramic Capacitor X7R 0603 (1608 Metric)"
"C84,C86,C87,C90,C91,C94,C96,C97,C100,C101,C104,C109,C121","1uF","Capacitor_SMD:C_0402_1005Metric","13","","1276-1445-1-ND","Digi-Key","CL05A105KA5NQNC","Samsung Electro-Mechanics","0402 (1005 Metric)","SMD","1 µF ±10% 25V Ceramic Capacitor X5R 0402 (1005 Metric)"
"C70,C72,C74,C76,C78,C80,C82,C85,C95,C107,C110,C122,C123,C124,C125,C126,C127,C128,C129","0.1uF","Capacitor_SMD:C_0402_1005Metric","19","","1276-1002-1-ND","Digi-Key","CL05B104KP5NNNC","Samsung Electro-Mechanics","0402 (1005 Metric)","SMD","0.1 µF ±10% 10V Ceramic Capacitor X7R 0402 (1005 Metric)"
"U4,U5,U6,U9,U20","LT3080EST-PBF","Analog_Devices:SOT-3_ST_LIT","5","","505-LT3080EST#PBF-ND","Digi-Key","LT3080EST#PBF","Analog Devices Inc.","SOT223-3","SMD","IC REG LIN POS ADJ 1.1A SOT223-3"
"U18,U19","LTC2052HV","Analog_Devices:SO-14_S_LIT","2","","LTC2052HVIS#PBF-ND","Digi-Key","LTC2052HVIS#PBF","Analog Devices Inc.","14-SOIC","SMD","IC OPAMP ZERO-DRIFT 4 CIRC 14SOIC"
"U10","AD590JRZ","Analog_Devices:R_8_ADI","1","","AD590JRZ-ND","Digi-Key","AD590JRZ","Analog Devices Inc.","8-SOIC","SMD","SENSOR ANALOG -55C-150C 8SOIC"
"R2,R11,R20,R28,R33,R42,U11,U12,U13,U14,U15,U16,U17","(DNP),INA28x","Resistor_SMD:R_0603_1608Metric,Texas_Instruments:INA28x_VSSOP","13","DNP","","Digi-Key","","Texas Instruments","8-SOIC","SMD","IC CURRENT MONITOR 0.4% 8SOIC"
